None,ticker,date,open,high,low,close,volume,ex-dividend,split_ratio,adj_open,adj_high,adj_low,adj_close,adj_volume
0,WMT,2018-03-27,87.96,88.04,85.48,86.05,6395554.0,0.0,1.0,87.96,88.04,85.48,86.05,6395554.0
1,WMT,2018-03-26,86.22,87.69,86.11,87.5,8640866.0,0.0,1.0,86.22,87.69,86.11,87.5,8640866.0
2,WMT,2018-03-23,87.35,87.74,85.28,85.42,9762296.0,0.0,1.0,87.35,87.74,85.28,85.42,9762296.0
3,WMT,2018-03-22,87.53,88.27,86.99,87.14,11338049.0,0.0,1.0,87.53,88.27,86.99,87.14,11338049.0
4,WMT,2018-03-21,87.89,89.68,87.68,88.18,11687930.0,0.0,1.0,87.89,89.68,87.68,88.18,11687930.0
5,WMT,2018-03-20,87.86,88.147,87.37,87.95,8040214.0,0.0,1.0,87.86,88.147,87.37,87.95,8040214.0
6,WMT,2018-03-19,88.91,89.075,87.1,87.45,10774186.0,0.0,1.0,88.91,89.075,87.1,87.45,10774186.0
7,WMT,2018-03-16,87.72,90.09,87.5,89.17,28057241.0,0.0,1.0,87.72,90.09,87.5,89.17,28057241.0
8,WMT,2018-03-15,87.68,88.79,85.903,87.51,16136617.0,0.0,1.0,87.68,88.79,85.903,87.51,16136617.0
9,WMT,2018-03-14,88.51,88.99,87.5,87.67,11021885.0,0.0,1.0,88.51,88.99,87.5,87.67,11021885.0
10,WMT,2018-03-13,88.39,88.9,87.9801,88.3,7092501.0,0.0,1.0,88.39,88.9,87.9801,88.3,7092501.0
11,WMT,2018-03-12,88.7,89.44,87.88,88.07,8212498.0,0.0,1.0,88.7,89.44,87.88,88.07,8212498.0
12,WMT,2018-03-09,88.24,88.72,87.53,88.72,9723234.0,0.0,1.0,88.24,88.72,87.53,88.72,9723234.0
13,WMT,2018-03-08,87.77,88.1301,87.34,87.92,9419014.0,0.0,1.0,87.77,88.1301,87.34,87.92,9419014.0
14,WMT,2018-03-07,87.98,88.53,87.335,87.74,11453034.0,0.0,1.0,87.98,88.53,87.335,87.74,11453034.0
15,WMT,2018-03-06,90.35,90.5,88.63,89.06,11030170.0,0.0,1.0,90.35,90.5,88.63,89.06,11030170.0
16,WMT,2018-03-05,88.14,90.5,88.0714,89.98,13383214.0,0.0,1.0,88.14,90.5,88.0714,89.98,13383214.0
17,WMT,2018-03-02,87.27,88.9,87.24,88.77,19043367.0,0.0,1.0,87.27,88.9,87.24,88.77,19043367.0
18,WMT,2018-03-01,90.17,90.18,87.7101,89.08,18909571.0,0.0,1.0,90.17,90.18,87.7101,89.08,18909571.0
19,WMT,2018-02-28,92.0,92.1,90.0,90.01,14027170.0,0.0,1.0,92.0,92.1,90.0,90.01,14027170.0
20,WMT,2018-02-27,93.63,93.72,91.51,91.52,13176541.0,0.0,1.0,93.63,93.72,91.51,91.52,13176541.0
21,WMT,2018-02-26,92.9,93.8,92.22,93.12,13846263.0,0.0,1.0,92.9,93.8,92.22,93.12,13846263.0
22,WMT,2018-02-23,92.88,93.49,91.76,92.89,12648314.0,0.0,1.0,92.88,93.49,91.76,92.89,12648314.0
23,WMT,2018-02-22,91.43,93.39,91.31,92.77,20165244.0,0.0,1.0,91.43,93.39,91.31,92.77,20165244.0
24,WMT,2018-02-21,95.11,95.34,91.2401,91.52,49076400.0,0.0,1.0,95.11,95.34,91.2401,91.52,49076400.0
25,WMT,2018-02-20,96.99,97.94,94.1,94.11,50927197.0,0.0,1.0,96.99,97.94,94.1,94.11,50927197.0
26,WMT,2018-02-16,103.09,104.94,101.9818,104.78,15901913.0,0.0,1.0,103.09,104.94,101.9818,104.78,15901913.0
27,WMT,2018-02-15,102.55,103.64,101.83,103.23,7452261.0,0.0,1.0,102.55,103.64,101.83,103.23,7452261.0
28,WMT,2018-02-14,100.86,102.25,100.21,101.7,7285595.0,0.0,1.0,100.86,102.25,100.21,101.7,7285595.0
29,WMT,2018-02-13,99.33,101.22,99.33,100.98,6602126.0,0.0,1.0,99.33,101.22,99.33,100.98,6602126.0
30,WMT,2018-02-12,100.13,100.445,98.8,99.55,8996723.0,0.0,1.0,100.13,100.445,98.8,99.55,8996723.0
31,WMT,2018-02-09,100.53,101.1,96.43,99.37,14131046.0,0.0,1.0,100.53,101.1,96.43,99.37,14131046.0
32,WMT,2018-02-08,103.23,103.48,100.0,100.02,13848475.0,0.0,1.0,103.23,103.48,100.0,100.02,13848475.0
33,WMT,2018-02-07,100.5,104.59,100.01,102.85,10705874.0,0.0,1.0,100.5,104.59,100.01,102.85,10705874.0
34,WMT,2018-02-06,97.64,101.08,97.25,100.9,15393215.0,0.0,1.0,97.64,101.08,97.25,100.9,15393215.0
35,WMT,2018-02-05,103.4,104.61,97.09,100.09,11734951.0,0.0,1.0,103.4,104.61,97.09,100.09,11734951.0
36,WMT,2018-02-02,105.15,106.47,104.15,104.48,8110725.0,0.0,1.0,105.15,106.47,104.15,104.48,8110725.0
37,WMT,2018-02-01,105.96,106.56,105.18,105.52,6267558.0,0.0,1.0,105.96,106.56,105.18,105.52,6267558.0
38,WMT,2018-01-31,107.77,108.18,106.07,106.6,9717276.0,0.0,1.0,107.77,108.18,106.07,106.6,9717276.0
39,WMT,2018-01-30,109.14,109.3648,107.151,107.73,8235133.0,0.0,1.0,109.14,109.3648,107.151,107.73,8235133.0
40,WMT,2018-01-29,108.11,109.98,107.99,109.55,8156884.0,0.0,1.0,108.11,109.98,107.99,109.55,8156884.0
41,WMT,2018-01-26,107.0,108.41,106.68,108.39,6226618.0,0.0,1.0,107.0,108.41,106.68,108.39,6226618.0
42,WMT,2018-01-25,105.85,106.805,105.85,106.6,5819649.0,0.0,1.0,105.85,106.805,105.85,106.6,5819649.0
43,WMT,2018-01-24,106.35,106.44,104.82,105.79,6038503.0,0.0,1.0,106.35,106.44,104.82,105.79,6038503.0
44,WMT,2018-01-23,105.29,106.145,104.57,105.9,8161721.0,0.0,1.0,105.29,106.145,104.57,105.9,8161721.0
45,WMT,2018-01-22,104.5,105.45,104.04,105.45,5924182.0,0.0,1.0,104.5,105.45,104.04,105.45,5924182.0
46,WMT,2018-01-19,104.64,104.93,103.66,104.59,7796758.0,0.0,1.0,104.64,104.93,103.66,104.59,7796758.0
47,WMT,2018-01-18,104.74,104.94,103.62,104.3,10421354.0,0.0,1.0,104.74,104.94,103.62,104.3,10421354.0
48,WMT,2018-01-17,101.15,102.94,100.7,102.7,8610553.0,0.0,1.0,101.15,102.94,100.7,102.7,8610553.0
49,WMT,2018-01-16,101.34,101.91,100.34,100.69,6533775.0,0.0,1.0,101.34,101.91,100.34,100.69,6533775.0
50,WMT,2018-01-12,100.39,101.44,100.3,100.87,6907217.0,0.0,1.0,100.39,101.44,100.3,100.87,6907217.0
51,WMT,2018-01-11,99.7,100.45,98.78,100.02,6527026.0,0.0,1.0,99.7,100.45,98.78,100.02,6527026.0
52,WMT,2018-01-10,99.75,99.89,98.53,99.67,7615940.0,0.0,1.0,99.75,99.89,98.53,99.67,7615940.0
53,WMT,2018-01-09,102.03,102.35,100.31,100.39,7296463.0,0.0,1.0,102.03,102.35,100.31,100.39,7296463.0
54,WMT,2018-01-08,100.25,101.75,100.21,101.61,8277421.0,0.0,1.0,100.25,101.75,100.21,101.61,8277421.0
55,WMT,2018-01-05,99.64,100.38,99.61,100.13,7202992.0,0.0,1.0,99.64,100.38,99.61,100.13,7202992.0
56,WMT,2018-01-04,99.54,99.78,98.911,99.54,6805321.0,0.0,1.0,99.54,99.78,98.911,99.54,6805321.0
57,WMT,2018-01-03,98.85,100.0,98.77,99.45,8898909.0,0.0,1.0,98.85,100.0,98.77,99.45,8898909.0
58,WMT,2018-01-02,99.3,99.79,98.52,98.59,10065263.0,0.0,1.0,99.3,99.79,98.52,98.59,10065263.0
59,TGT,2018-03-27,70.79,70.9,68.23,68.51,5828381.0,0.0,1.0,70.79,70.9,68.23,68.51,5828381.0
60,TGT,2018-03-26,68.67,70.63,68.65,70.28,4875792.0,0.0,1.0,68.67,70.63,68.65,70.28,4875792.0
61,TGT,2018-03-23,69.72,70.21,67.77,67.88,5137447.0,0.0,1.0,69.72,70.21,67.77,67.88,5137447.0
62,TGT,2018-03-22,69.85,70.48,68.81,68.89,5292867.0,0.0,1.0,69.85,70.48,68.81,68.89,5292867.0
63,TGT,2018-03-21,71.18,71.5,70.14,70.14,3782333.0,0.0,1.0,71.18,71.5,70.14,70.14,3782333.0
64,TGT,2018-03-20,70.6,71.77,70.51,71.56,4930709.0,0.0,1.0,70.6,71.77,70.51,71.56,4930709.0
65,TGT,2018-03-19,70.92,71.32,70.11,70.34,3163004.0,0.0,1.0,70.92,71.32,70.11,70.34,3163004.0
66,TGT,2018-03-16,70.55,71.43,70.41,70.99,7194014.0,0.0,1.0,70.55,71.43,70.41,70.99,7194014.0
67,TGT,2018-03-15,71.28,71.5,70.28,70.63,5635445.0,0.0,1.0,71.28,71.5,70.28,70.63,5635445.0
68,TGT,2018-03-14,71.44,71.72,70.38,70.65,4660258.0,0.0,1.0,71.44,71.72,70.38,70.65,4660258.0
69,TGT,2018-03-13,71.0,72.1,70.88,71.17,4467934.0,0.0,1.0,71.0,72.1,70.88,71.17,4467934.0
70,TGT,2018-03-12,70.05,70.99,69.81,70.67,3642467.0,0.0,1.0,70.05,70.99,69.81,70.67,3642467.0
71,TGT,2018-03-09,70.38,70.82,69.33,70.49,6627315.0,0.0,1.0,70.38,70.82,69.33,70.49,6627315.0
72,TGT,2018-03-08,71.43,71.58,69.15,69.75,7868637.0,0.0,1.0,71.43,71.58,69.15,69.75,7868637.0
73,TGT,2018-03-07,71.06,72.14,70.58,71.43,7684566.0,0.0,1.0,71.06,72.14,70.58,71.43,7684566.0
74,TGT,2018-03-06,74.25,74.64,69.94,71.79,20000888.0,0.0,1.0,74.25,74.64,69.94,71.79,20000888.0
75,TGT,2018-03-05,74.77,75.75,73.9475,75.14,7654766.0,0.0,1.0,74.77,75.75,73.9475,75.14,7654766.0
76,TGT,2018-03-02,73.63,75.48,73.3,75.15,4956236.0,0.0,1.0,73.63,75.48,73.3,75.15,4956236.0
77,TGT,2018-03-01,75.51,75.55,73.0,74.13,7084406.0,0.0,1.0,75.51,75.55,73.0,74.13,7084406.0
78,TGT,2018-02-28,76.06,76.68,75.41,75.41,5440621.0,0.0,1.0,76.06,76.68,75.41,75.41,5440621.0
79,TGT,2018-02-27,77.74,78.43,75.27,75.57,6175891.0,0.0,1.0,77.74,78.43,75.27,75.57,6175891.0
80,TGT,2018-02-26,76.25,76.99,75.18,76.9,5754084.0,0.0,1.0,76.25,76.99,75.18,76.9,5754084.0
81,TGT,2018-02-23,75.52,76.3,74.29,75.41,5404951.0,0.0,1.0,75.52,76.3,74.29,75.41,5404951.0
82,TGT,2018-02-22,73.49,75.96,73.47,75.03,6900925.0,0.0,1.0,73.49,75.96,73.47,75.03,6900925.0
83,TGT,2018-02-21,73.22,74.68,72.92,72.96,8609365.0,0.0,1.0,73.22,74.68,72.92,72.96,8609365.0
84,TGT,2018-02-20,72.84,73.84,71.68,72.86,7049415.0,0.0,1.0,72.84,73.84,71.68,72.86,7049415.0
85,TGT,2018-02-16,76.14,76.81,75.31,75.7,4251093.0,0.0,1.0,76.14,76.81,75.31,75.7,4251093.0
86,TGT,2018-02-15,75.72,76.21,75.12,76.04,3416983.0,0.0,1.0,75.72,76.21,75.12,76.04,3416983.0
87,TGT,2018-02-14,74.29,76.62,74.06,75.35,7331469.0,0.0,1.0,74.29,76.62,74.06,75.35,7331469.0
88,TGT,2018-02-13,71.86,73.95,71.675,73.88,4339409.0,0.0,1.0,71.86,73.95,71.675,73.88,4339409.0
89,TGT,2018-02-12,73.13,73.23,71.53,71.88,4583263.0,0.0,1.0,73.13,73.23,71.53,71.88,4583263.0
90,TGT,2018-02-09,71.81,72.97,68.91,72.45,7687934.0,0.0,1.0,71.81,72.97,68.91,72.45,7687934.0
91,TGT,2018-02-08,73.51,73.89,71.07,71.11,5645472.0,0.0,1.0,73.51,73.89,71.07,71.11,5645472.0
92,TGT,2018-02-07,72.53,74.145,72.34,73.25,6518360.0,0.0,1.0,72.53,74.145,72.34,73.25,6518360.0
93,TGT,2018-02-06,69.54,73.06,68.39,72.71,8010336.0,0.0,1.0,69.54,73.06,68.39,72.71,8010336.0
94,TGT,2018-02-05,72.45,74.17,70.51,70.77,6394997.0,0.0,1.0,72.45,74.17,70.51,70.77,6394997.0
95,TGT,2018-02-02,74.28,74.49,72.72,72.95,6698937.0,0.0,1.0,74.28,74.49,72.72,72.95,6698937.0
96,TGT,2018-02-01,74.63,75.65,74.15,74.97,4647564.0,0.0,1.0,74.63,75.65,74.15,74.97,4647564.0
97,TGT,2018-01-31,75.39,75.75,74.595,75.22,8602764.0,0.0,1.0,75.39,75.75,74.595,75.22,8602764.0
98,TGT,2018-01-30,76.39,76.7,74.82,75.1,5547361.0,0.0,1.0,76.39,76.7,74.82,75.1,5547361.0
99,TGT,2018-01-29,76.67,77.14,76.38,76.8,3437337.0,0.0,1.0,76.67,77.14,76.38,76.8,3437337.0
100,TGT,2018-01-26,76.62,77.02,75.815,76.95,4929854.0,0.0,1.0,76.62,77.02,75.815,76.95,4929854.0
101,TGT,2018-01-25,77.55,77.56,75.76,76.3,6338336.0,0.0,1.0,77.55,77.56,75.76,76.3,6338336.0
102,TGT,2018-01-24,78.29,78.29,76.37,76.89,9697991.0,0.0,1.0,78.29,78.29,76.37,76.89,9697991.0
103,TGT,2018-01-23,78.58,78.7,77.84,78.12,5351942.0,0.0,1.0,78.58,78.7,77.84,78.12,5351942.0
104,TGT,2018-01-22,78.11,78.64,77.57,78.58,5335863.0,0.0,1.0,78.11,78.64,77.57,78.58,5335863.0
105,TGT,2018-01-19,78.17,78.17,76.89,78.1,7794516.0,0.0,1.0,78.17,78.17,76.89,78.1,7794516.0
106,TGT,2018-01-18,76.86,77.91,76.26,77.9,7552593.0,0.0,1.0,76.86,77.91,76.26,77.9,7552593.0
107,TGT,2018-01-17,74.99,77.25,74.831,76.82,7046430.0,0.0,1.0,74.99,77.25,74.831,76.82,7046430.0
108,TGT,2018-01-16,76.88,77.58,74.64,74.96,10130875.0,0.0,1.0,76.88,77.58,74.64,74.96,10130875.0
109,TGT,2018-01-12,74.54,77.0,74.45,76.8,14660500.0,0.0,1.0,74.54,77.0,74.45,76.8,14660500.0
110,TGT,2018-01-11,70.9,74.06,70.5,74.0,12085714.0,0.0,1.0,70.9,74.06,70.5,74.0,12085714.0
111,TGT,2018-01-10,69.41,71.76,69.3,70.73,10922350.0,0.0,1.0,69.41,71.76,69.3,70.73,10922350.0
112,TGT,2018-01-09,69.52,70.02,68.5,69.14,18026810.0,0.0,1.0,69.52,70.02,68.5,69.14,18026810.0
113,TGT,2018-01-08,67.2,68.32,66.245,67.18,8322024.0,0.0,1.0,67.2,68.32,66.245,67.18,8322024.0
114,TGT,2018-01-05,66.38,66.74,65.95,66.55,5485034.0,0.0,1.0,66.38,66.74,65.95,66.55,5485034.0
115,TGT,2018-01-04,67.23,67.82,65.06,65.85,7079014.0,0.0,1.0,67.23,67.82,65.06,65.85,7079014.0
116,TGT,2018-01-03,68.63,68.84,67.1,67.17,6051638.0,0.0,1.0,68.63,68.84,67.1,67.17,6051638.0
117,TGT,2018-01-02,65.95,68.13,65.95,67.63,8408098.0,0.0,1.0,65.95,68.13,65.95,67.63,8408098.0
118,M,2018-03-27,27.9,28.6,27.62,27.86,7032343.0,0.0,1.0,27.9,28.6,27.62,27.86,7032343.0
119,M,2018-03-26,27.62,28.035,27.24,27.9,9034723.0,0.0,1.0,27.62,28.035,27.24,27.9,9034723.0
120,M,2018-03-23,28.37,28.42,27.18,27.21,9057852.0,0.0,1.0,28.37,28.42,27.18,27.21,9057852.0
121,M,2018-03-22,28.49,28.87,28.03,28.27,5586062.0,0.0,1.0,28.49,28.87,28.03,28.27,5586062.0
122,M,2018-03-21,28.92,29.23,28.65,28.68,4851265.0,0.0,1.0,28.92,29.23,28.65,28.68,4851265.0
123,M,2018-03-20,29.34,29.55,28.655,28.93,8085620.0,0.0,1.0,29.34,29.55,28.655,28.93,8085620.0
124,M,2018-03-19,28.94,29.59,28.49,29.3,9585328.0,0.0,1.0,28.94,29.59,28.49,29.3,9585328.0
125,M,2018-03-16,28.72,29.385,28.56,28.9,10834618.0,0.0,1.0,28.72,29.385,28.56,28.9,10834618.0
126,M,2018-03-15,29.43,29.61,28.555,28.8,6453839.0,0.0,1.0,29.43,29.61,28.555,28.8,6453839.0
127,M,2018-03-14,29.43,29.575,28.7401,29.23,10557043.0,0.0,1.0,29.43,29.575,28.7401,29.23,10557043.0
128,M,2018-03-13,28.92,30.2851,28.84,29.82,12556696.0,0.0,1.0,28.92,30.2851,28.84,29.82,12556696.0
129,M,2018-03-12,28.88,29.13,28.64,28.76,6932952.0,0.0,1.0,28.88,29.13,28.64,28.76,6932952.0
130,M,2018-03-09,29.31,29.39,28.38,28.88,9586903.0,0.0,1.0,29.31,29.39,28.38,28.88,9586903.0
131,M,2018-03-08,30.01,30.05,28.83,28.92,9175384.0,0.0,1.0,30.01,30.05,28.83,28.92,9175384.0
132,M,2018-03-07,30.0,30.4431,29.77,29.92,8844536.0,0.0,1.0,30.0,30.4431,29.77,29.92,8844536.0
133,M,2018-03-06,30.45,30.665,29.74,30.36,9002637.0,0.0,1.0,30.45,30.665,29.74,30.36,9002637.0
134,M,2018-03-05,30.22,30.65,29.78,30.35,11863576.0,0.0,1.0,30.22,30.65,29.78,30.35,11863576.0
135,M,2018-03-02,28.84,30.69,28.8,30.41,16218509.0,0.0,1.0,28.84,30.69,28.8,30.41,16218509.0
136,M,2018-03-01,29.42,29.59,28.1,29.25,15812893.0,0.0,1.0,29.42,29.59,28.1,29.25,15812893.0
137,M,2018-02-28,28.89,29.89,28.86,29.41,20831838.0,0.0,1.0,28.89,29.89,28.86,29.41,20831838.0
138,M,2018-02-27,29.77,31.04,27.93,28.4,49003769.0,0.0,1.0,29.77,31.04,27.93,28.4,49003769.0
139,M,2018-02-26,27.04,27.47,26.505,27.45,14121152.0,0.0,1.0,27.04,27.47,26.505,27.45,14121152.0
140,M,2018-02-23,26.31,27.09,25.93,26.74,10946208.0,0.0,1.0,26.31,27.09,25.93,26.74,10946208.0
141,M,2018-02-22,25.75,26.39,25.63,26.17,7283984.0,0.0,1.0,25.75,26.39,25.63,26.17,7283984.0
142,M,2018-02-21,25.71,26.0911,25.53,25.59,7664566.0,0.0,1.0,25.71,26.0911,25.53,25.59,7664566.0
143,M,2018-02-20,26.03,26.28,25.555,25.65,7369895.0,0.0,1.0,26.03,26.28,25.555,25.65,7369895.0
144,M,2018-02-16,26.4,26.55,25.95,26.26,7083779.0,0.0,1.0,26.4,26.55,25.95,26.26,7083779.0
145,M,2018-02-15,25.82,26.48,25.7701,26.46,8452002.0,0.0,1.0,25.82,26.48,25.7701,26.46,8452002.0
146,M,2018-02-14,24.73,25.82,24.61,25.64,7211478.0,0.0,1.0,24.73,25.82,24.61,25.64,7211478.0
147,M,2018-02-13,24.14,24.99,24.06,24.88,7119238.0,0.0,1.0,24.14,24.99,24.06,24.88,7119238.0
148,M,2018-02-12,24.42,24.5,23.86,24.19,7659399.0,0.0,1.0,24.42,24.5,23.86,24.19,7659399.0
149,M,2018-02-09,24.21,24.595,23.1,24.15,11290857.0,0.0,1.0,24.21,24.595,23.1,24.15,11290857.0
150,M,2018-02-08,24.78,25.03,24.0,24.0,8859152.0,0.0,1.0,24.78,25.03,24.0,24.0,8859152.0
151,M,2018-02-07,24.1,24.985,24.05,24.76,8893577.0,0.0,1.0,24.1,24.985,24.05,24.76,8893577.0
152,M,2018-02-06,23.0,24.4,22.47,24.16,13486357.0,0.0,1.0,23.0,24.4,22.47,24.16,13486357.0
153,M,2018-02-05,24.55,24.89,23.44,23.47,11998102.0,0.0,1.0,24.55,24.89,23.44,23.47,11998102.0
154,M,2018-02-02,25.38,25.5399,24.713,24.89,10722319.0,0.0,1.0,25.38,25.5399,24.713,24.89,10722319.0
155,M,2018-02-01,25.75,26.145,25.48,25.62,6131638.0,0.0,1.0,25.75,26.145,25.48,25.62,6131638.0
156,M,2018-01-31,26.33,26.5,25.78,25.95,6417046.0,0.0,1.0,26.33,26.5,25.78,25.95,6417046.0
157,M,2018-01-30,27.19,27.25,26.1301,26.25,7907820.0,0.0,1.0,27.19,27.25,26.1301,26.25,7907820.0
158,M,2018-01-29,27.22,27.6393,27.03,27.31,4575693.0,0.0,1.0,27.22,27.6393,27.03,27.31,4575693.0
159,M,2018-01-26,26.61,27.41,26.51,27.4,7088578.0,0.0,1.0,26.61,27.41,26.51,27.4,7088578.0
160,M,2018-01-25,27.31,27.31,26.46,26.64,8175295.0,0.0,1.0,27.31,27.31,26.46,26.64,8175295.0
161,M,2018-01-24,27.3,27.64,26.85,27.25,9881862.0,0.0,1.0,27.3,27.64,26.85,27.25,9881862.0
162,M,2018-01-23,27.36,27.49,26.87,27.36,6793248.0,0.0,1.0,27.36,27.49,26.87,27.36,6793248.0
163,M,2018-01-22,27.04,27.3,26.74,27.25,6765270.0,0.0,1.0,27.04,27.3,26.74,27.25,6765270.0
164,M,2018-01-19,26.74,27.01,26.38,27.01,5413965.0,0.0,1.0,26.74,27.01,26.38,27.01,5413965.0
165,M,2018-01-18,26.29,26.9,26.25,26.6,6711084.0,0.0,1.0,26.29,26.9,26.25,26.6,6711084.0
166,M,2018-01-17,25.82,26.47,25.65,26.24,8057109.0,0.0,1.0,25.82,26.47,25.65,26.24,8057109.0
167,M,2018-01-16,27.06,27.19,25.8347,25.92,11964062.0,0.0,1.0,27.06,27.19,25.8347,25.92,11964062.0
168,M,2018-01-12,26.51,27.43,26.51,26.89,13561195.0,0.0,1.0,26.51,27.43,26.51,26.89,13561195.0
169,M,2018-01-11,25.47,26.35,25.36,26.3,8819961.0,0.0,1.0,25.47,26.35,25.36,26.3,8819961.0
170,M,2018-01-10,24.41,25.82,24.41,25.6,13309490.0,0.0,1.0,24.41,25.82,24.41,25.6,13309490.0
171,M,2018-01-09,24.61,24.94,24.3851,24.69,10370141.0,0.0,1.0,24.61,24.94,24.3851,24.69,10370141.0
172,M,2018-01-08,24.6,25.08,23.68,24.44,21239110.0,0.0,1.0,24.6,25.08,23.68,24.44,21239110.0
173,M,2018-01-05,24.54,24.74,24.1,24.48,15374368.0,0.0,1.0,24.54,24.74,24.1,24.48,15374368.0
174,M,2018-01-04,25.76,25.84,23.44,24.49,36705783.0,0.0,1.0,25.76,25.84,23.44,24.49,36705783.0
175,M,2018-01-03,26.33,26.64,25.25,25.33,18526842.0,0.0,1.0,26.33,26.64,25.25,25.33,18526842.0
176,M,2018-01-02,25.81,26.33,25.65,26.31,12464341.0,0.0,1.0,25.81,26.33,25.65,26.31,12464341.0
177,HD,2018-03-27,177.38,178.73,173.6,174.68,4640376.0,0.0,1.0,177.38,178.73,173.6,174.68,4640376.0
178,HD,2018-03-26,174.11,176.8,173.515,176.38,7123755.0,0.0,1.0,174.11,176.8,173.515,176.38,7123755.0
179,HD,2018-03-23,176.24,177.56,171.56,171.8,5851950.0,0.0,1.0,176.24,177.56,171.56,171.8,5851950.0
180,HD,2018-03-22,177.42,178.56,175.08,175.29,5049280.0,0.0,1.0,177.42,178.56,175.08,175.29,5049280.0
181,HD,2018-03-21,178.35,180.14,177.68,178.02,3472629.0,0.0,1.0,178.35,180.14,177.68,178.02,3472629.0
182,HD,2018-03-20,177.64,178.8883,177.16,178.16,4103461.0,0.0,1.0,177.64,178.8883,177.16,178.16,4103461.0
183,HD,2018-03-19,178.65,179.32,176.0,177.1,4501096.0,0.0,1.0,178.65,179.32,176.0,177.1,4501096.0
184,HD,2018-03-16,178.43,180.4,177.97,178.96,7939123.0,0.0,1.0,178.43,180.4,177.97,178.96,7939123.0
185,HD,2018-03-15,177.69,179.86,176.72,178.07,3747456.0,0.0,1.0,177.69,179.86,176.72,178.07,3747456.0
186,HD,2018-03-14,179.1,179.66,175.89,177.41,4520695.0,0.0,1.0,179.1,179.66,175.89,177.41,4520695.0
187,HD,2018-03-13,179.59,180.95,177.86,178.35,6089272.0,0.0,1.0,179.59,180.95,177.86,178.35,6089272.0
188,HD,2018-03-12,182.43,183.06,179.55,179.71,4951429.0,0.0,1.0,182.43,183.06,179.55,179.71,4951429.0
189,HD,2018-03-09,179.0,182.24,177.92,182.16,4412928.0,0.0,1.0,179.0,182.24,177.92,182.16,4412928.0
190,HD,2018-03-08,179.44,179.98,176.73,177.94,4219789.0,0.0,1.0,179.44,179.98,176.73,177.94,4219789.0
191,HD,2018-03-07,178.82,180.0,176.82,178.58,4799246.0,0.0,1.0,178.82,180.0,176.82,178.58,4799246.0
192,HD,2018-03-06,182.75,183.0,179.51,181.64,5302091.0,0.0,1.0,182.75,183.0,179.51,181.64,5302091.0
193,HD,2018-03-05,177.86,182.26,177.7,181.74,5748553.0,0.0,1.0,177.86,182.26,177.7,181.74,5748553.0
194,HD,2018-03-02,177.72,179.185,176.34,178.46,5671038.0,0.0,1.0,177.72,179.185,176.34,178.46,5671038.0
195,HD,2018-03-01,182.75,184.4,178.25,179.64,6123863.0,0.0,1.0,182.75,184.4,178.25,179.64,6123863.0
196,HD,2018-02-28,184.41,186.6495,182.27,182.27,6313166.0,0.0,1.0,184.41,186.6495,182.27,182.27,6313166.0
197,HD,2018-02-27,188.87,189.25,184.96,184.98,4587554.0,0.0,1.0,188.87,189.25,184.96,184.98,4587554.0
198,HD,2018-02-26,189.17,189.79,187.8601,188.46,4384908.0,0.0,1.0,189.17,189.79,187.8601,188.46,4384908.0
199,HD,2018-02-23,186.2,188.41,185.62,188.35,4219309.0,0.0,1.0,186.2,188.41,185.62,188.35,4219309.0
200,HD,2018-02-22,183.72,186.2199,182.91,185.47,5553659.0,0.0,1.0,183.72,186.2199,182.91,185.47,5553659.0
201,HD,2018-02-21,187.21,187.98,182.86,183.06,7508615.0,0.0,1.0,187.21,187.98,182.86,183.06,7508615.0
202,HD,2018-02-20,189.9,191.44,186.31,186.71,8746130.0,0.0,1.0,189.9,191.44,186.31,186.71,8746130.0
203,HD,2018-02-16,185.06,187.99,184.86,186.97,7565848.0,0.0,1.0,185.06,187.99,184.86,186.97,7565848.0
204,HD,2018-02-15,186.74,187.19,183.255,185.27,5078846.0,0.0,1.0,186.74,187.19,183.255,185.27,5078846.0
205,HD,2018-02-14,181.88,185.06,181.05,184.69,6506394.0,0.0,1.0,181.88,185.06,181.05,184.69,6506394.0
206,HD,2018-02-13,183.23,183.99,180.89,183.72,4259241.0,0.0,1.0,183.23,183.99,180.89,183.72,4259241.0
207,HD,2018-02-12,186.55,187.01,183.41,184.06,6741208.0,0.0,1.0,186.55,187.01,183.41,184.06,6741208.0
208,HD,2018-02-09,183.25,186.0,175.79,184.12,9029210.0,0.0,1.0,183.25,186.0,175.79,184.12,9029210.0
209,HD,2018-02-08,191.14,191.14,180.93,181.22,7207421.0,0.0,1.0,191.14,191.14,180.93,181.22,7207421.0
210,HD,2018-02-07,190.73,194.515,189.72,191.29,5957101.0,0.0,1.0,190.73,194.515,189.72,191.29,5957101.0
211,HD,2018-02-06,178.62,191.96,175.42,191.04,11647438.0,0.0,1.0,178.62,191.96,175.42,191.04,11647438.0
212,HD,2018-02-05,190.07,194.295,180.38,183.11,10331341.0,0.0,1.0,190.07,194.295,180.38,183.11,10331341.0
213,HD,2018-02-02,199.25,199.3,193.44,193.97,5995623.0,0.0,1.0,199.25,199.3,193.44,193.97,5995623.0
214,HD,2018-02-01,199.34,202.25,198.28,199.9,3552226.0,0.0,1.0,199.34,202.25,198.28,199.9,3552226.0
215,HD,2018-01-31,203.22,205.083,200.23,200.9,4487502.0,0.0,1.0,203.22,205.083,200.23,200.9,4487502.0
216,HD,2018-01-30,201.47,203.15,191.57,201.81,5923556.0,0.0,1.0,201.47,203.15,191.57,201.81,5923556.0
217,HD,2018-01-29,207.23,207.605,204.71,204.92,2999591.0,0.0,1.0,207.23,207.605,204.71,204.92,2999591.0
218,HD,2018-01-26,205.6,207.3098,204.44,207.23,3655333.0,0.0,1.0,205.6,207.3098,204.44,207.23,3655333.0
219,HD,2018-01-25,206.8,206.83,203.84,205.37,3533782.0,0.0,1.0,206.8,206.83,203.84,205.37,3533782.0
220,HD,2018-01-24,205.2,207.1,204.551,206.22,4065050.0,0.0,1.0,205.2,207.1,204.551,206.22,4065050.0
221,HD,2018-01-23,204.89,206.35,204.151,204.9,3552418.0,0.0,1.0,204.89,206.35,204.151,204.9,3552418.0
222,HD,2018-01-22,201.6,204.47,201.51,204.46,4450374.0,0.0,1.0,201.6,204.47,201.51,204.46,4450374.0
223,HD,2018-01-19,199.81,201.33,199.13,201.33,5786379.0,0.0,1.0,199.81,201.33,199.13,201.33,5786379.0
224,HD,2018-01-18,199.78,200.24,197.66,198.33,4313752.0,0.0,1.0,199.78,200.24,197.66,198.33,4313752.0
225,HD,2018-01-17,197.5,199.82,196.8401,199.82,3988075.0,0.0,1.0,197.5,199.82,196.8401,199.82,3988075.0
226,HD,2018-01-16,197.86,198.9496,195.7,196.31,5653697.0,0.0,1.0,197.86,198.9496,195.7,196.31,5653697.0
227,HD,2018-01-12,195.5,199.42,194.82,196.42,6726295.0,0.0,1.0,195.5,199.42,194.82,196.42,6726295.0
228,HD,2018-01-11,191.68,194.73,191.4,194.68,3326194.0,0.0,1.0,191.68,194.73,191.4,194.68,3326194.0
229,HD,2018-01-10,192.76,193.216,191.65,191.8,3110852.0,0.0,1.0,192.76,193.216,191.65,191.8,3110852.0
230,HD,2018-01-09,192.7,193.47,191.64,193.1,3006571.0,0.0,1.0,192.7,193.47,191.64,193.1,3006571.0
231,HD,2018-01-08,191.72,193.72,191.6,192.04,3490089.0,0.0,1.0,191.72,193.72,191.6,192.04,3490089.0
232,HD,2018-01-05,190.93,192.54,190.51,192.5,4214521.0,0.0,1.0,190.93,192.54,190.51,192.5,4214521.0
233,HD,2018-01-04,189.87,190.87,188.47,190.51,4029021.0,0.0,1.0,189.87,190.87,188.47,190.51,4029021.0
234,HD,2018-01-03,188.0,189.36,187.819,189.01,4527396.0,0.0,1.0,188.0,189.36,187.819,189.01,4527396.0
235,HD,2018-01-02,190.21,190.72,188.0103,188.03,4475920.0,0.0,1.0,190.21,190.72,188.0103,188.03,4475920.0
236,COST,2018-03-27,187.44,187.66,182.06,183.15,2176795.0,0.0,1.0,187.44,187.66,182.06,183.15,2176795.0
237,COST,2018-03-26,183.03,187.56,182.335,187.22,1978626.0,0.0,1.0,183.03,187.56,182.335,187.22,1978626.0
238,COST,2018-03-23,183.28,184.45,180.83,180.84,2210112.0,0.0,1.0,183.28,184.45,180.83,180.84,2210112.0
239,COST,2018-03-22,184.9,185.5464,182.503,182.64,2444300.0,0.0,1.0,184.9,185.5464,182.503,182.64,2444300.0
240,COST,2018-03-21,186.83,187.89,186.06,186.07,2023645.0,0.0,1.0,186.83,187.89,186.06,186.07,2023645.0
241,COST,2018-03-20,185.1,187.58,184.6,187.35,1797614.0,0.0,1.0,185.1,187.58,184.6,187.35,1797614.0
242,COST,2018-03-19,185.63,185.98,182.81,184.18,2062743.0,0.0,1.0,185.63,185.98,182.81,184.18,2062743.0
243,COST,2018-03-16,186.18,186.25,184.47,185.87,3415226.0,0.0,1.0,186.18,186.25,184.47,185.87,3415226.0
244,COST,2018-03-15,184.82,186.57,184.16,185.51,1658292.0,0.0,1.0,184.82,186.57,184.16,185.51,1658292.0
245,COST,2018-03-14,188.78,189.01,183.5,184.63,2855897.0,0.0,1.0,188.78,189.01,183.5,184.63,2855897.0
246,COST,2018-03-13,190.05,190.12,186.8,187.46,1761196.0,0.0,1.0,190.05,190.12,186.8,187.46,1761196.0
247,COST,2018-03-12,188.27,190.099,187.55,189.37,2375530.0,0.0,1.0,188.27,190.099,187.55,189.37,2375530.0
248,COST,2018-03-09,186.5,188.64,184.22,188.58,3273279.0,0.0,1.0,186.5,188.64,184.22,188.58,3273279.0
249,COST,2018-03-08,186.19,186.3468,183.08,185.69,5960713.0,0.0,1.0,186.19,186.3468,183.08,185.69,5960713.0
250,COST,2018-03-07,189.21,189.75,184.78,187.36,5157114.0,0.0,1.0,189.21,189.75,184.78,187.36,5157114.0
251,COST,2018-03-06,192.14,192.25,190.0699,191.46,2458710.0,0.0,1.0,192.14,192.25,190.0699,191.46,2458710.0
252,COST,2018-03-05,188.45,191.98,187.5,191.48,2155785.0,0.0,1.0,188.45,191.98,187.5,191.48,2155785.0
253,COST,2018-03-02,187.48,190.39,187.2162,189.33,2275923.0,0.0,1.0,187.48,190.39,187.2162,189.33,2275923.0
254,COST,2018-03-01,191.31,192.99,187.32,189.03,2447672.0,0.0,1.0,191.31,192.99,187.32,189.03,2447672.0
255,COST,2018-02-28,191.6,193.76,190.89,190.9,2136542.0,0.0,1.0,191.6,193.76,190.89,190.9,2136542.0
256,COST,2018-02-27,193.45,195.52,190.1,190.1,2153789.0,0.0,1.0,193.45,195.52,190.1,190.1,2153789.0
257,COST,2018-02-26,190.1,193.095,189.93,192.81,1826549.0,0.0,1.0,190.1,193.095,189.93,192.81,1826549.0
258,COST,2018-02-23,187.83,189.85,185.91,189.81,1535824.0,0.0,1.0,187.83,189.85,185.91,189.81,1535824.0
259,COST,2018-02-22,186.35,188.33,185.66,186.59,1314028.0,0.0,1.0,186.35,188.33,185.66,186.59,1314028.0
260,COST,2018-02-21,188.53,189.14,185.69,185.75,1731772.0,0.0,1.0,188.53,189.14,185.69,185.75,1731772.0
261,COST,2018-02-20,189.87,191.48,187.63,188.12,2194898.0,0.0,1.0,189.87,191.48,187.63,188.12,2194898.0
262,COST,2018-02-16,191.45,194.62,191.04,191.56,1953304.0,0.0,1.0,191.45,194.62,191.04,191.56,1953304.0
263,COST,2018-02-15,188.09,191.71,186.57,191.48,2053489.0,0.0,1.0,188.09,191.71,186.57,191.48,2053489.0
264,COST,2018-02-14,182.71,188.48,182.31,187.35,2160284.0,0.0,1.0,182.71,188.48,182.31,187.35,2160284.0
265,COST,2018-02-13,180.22,184.6,180.05,184.15,2034895.0,0.0,1.0,180.22,184.6,180.05,184.15,2034895.0
266,COST,2018-02-12,181.84,183.259,180.38,181.06,1590150.0,0.0,1.0,181.84,183.259,180.38,181.06,1590150.0
267,COST,2018-02-09,179.78,182.07,175.79,180.59,2505935.0,0.0,1.0,179.78,182.07,175.79,180.59,2505935.0
268,COST,2018-02-08,184.51,184.51,178.55,178.56,2456120.0,0.0,1.0,184.51,184.51,178.55,178.56,2456120.0
269,COST,2018-02-07,184.6,186.19,183.07,183.19,2558056.0,0.0,1.0,184.6,186.19,183.07,183.19,2558056.0
270,COST,2018-02-06,178.91,185.24,176.2,185.01,3963330.0,0.0,1.0,178.91,185.24,176.2,185.01,3963330.0
271,COST,2018-02-05,190.66,192.1,182.525,183.71,2864261.0,0.0,1.0,190.66,192.1,182.525,183.71,2864261.0
272,COST,2018-02-02,191.25,193.6,190.8,190.99,2355465.0,0.0,1.0,191.25,193.6,190.8,190.99,2355465.0
273,COST,2018-02-01,193.41,195.4,192.44,193.47,1952079.0,0.0,1.0,193.41,195.4,192.44,193.47,1952079.0
274,COST,2018-01-31,197.44,198.4747,194.1,194.87,2636752.0,0.0,1.0,197.44,198.4747,194.1,194.87,2636752.0
275,COST,2018-01-30,197.59,198.79,196.08,197.91,2073280.0,0.0,1.0,197.59,198.79,196.08,197.91,2073280.0
276,COST,2018-01-29,198.37,199.88,197.56,198.32,1953880.0,0.0,1.0,198.37,199.88,197.56,198.32,1953880.0
277,COST,2018-01-26,197.75,199.23,195.69,198.91,2553280.0,0.0,1.0,197.75,199.23,195.69,198.91,2553280.0
278,COST,2018-01-25,195.0,198.45,194.735,197.95,3263598.0,0.0,1.0,195.0,198.45,194.735,197.95,3263598.0
279,COST,2018-01-24,194.43,194.75,191.925,194.24,2631846.0,0.0,1.0,194.43,194.75,191.925,194.24,2631846.0
280,COST,2018-01-23,193.61,194.1,192.07,193.42,2236724.0,0.0,1.0,193.61,194.1,192.07,193.42,2236724.0
281,COST,2018-01-22,192.5,194.76,192.06,194.19,2776216.0,0.0,1.0,192.5,194.76,192.06,194.19,2776216.0
282,COST,2018-01-19,191.71,192.64,191.16,192.29,2260654.0,0.0,1.0,191.71,192.64,191.16,192.29,2260654.0
283,COST,2018-01-18,192.23,193.03,191.22,191.51,1794274.0,0.0,1.0,192.23,193.03,191.22,191.51,1794274.0
284,COST,2018-01-17,192.53,192.56,191.34,192.29,2487241.0,0.0,1.0,192.53,192.56,191.34,192.29,2487241.0
285,COST,2018-01-16,192.35,192.84,190.89,191.53,1874205.0,0.0,1.0,192.35,192.84,190.89,191.53,1874205.0
286,COST,2018-01-12,190.1,192.179,190.0,191.84,3461246.0,0.0,1.0,190.1,192.179,190.0,191.84,3461246.0
287,COST,2018-01-11,185.43,190.67,185.03,189.38,4658720.0,0.0,1.0,185.43,190.67,185.03,189.38,4658720.0
288,COST,2018-01-10,185.75,186.24,183.881,185.42,2365724.0,0.0,1.0,185.75,186.24,183.881,185.42,2365724.0
289,COST,2018-01-09,189.01,189.3,186.15,186.29,2223821.0,0.0,1.0,189.01,189.3,186.15,186.29,2223821.0
290,COST,2018-01-08,187.32,188.979,187.25,188.48,1944173.0,0.0,1.0,187.32,188.979,187.25,188.48,1944173.0
291,COST,2018-01-05,189.43,189.68,186.72,187.75,2790428.0,0.0,1.0,189.43,189.68,186.72,187.75,2790428.0
292,COST,2018-01-04,192.0,192.3,187.561,189.1,3479308.0,0.0,1.0,192.0,192.3,187.561,189.1,3479308.0
293,COST,2018-01-03,188.82,192.1,188.38,190.58,3248856.0,0.0,1.0,188.82,192.1,188.38,190.58,3248856.0
294,COST,2018-01-02,187.23,190.68,186.74,188.32,2481462.0,0.0,1.0,187.23,190.68,186.74,188.32,2481462.0
295,BBY,2018-03-27,69.66,69.6699,67.39,67.74,3091776.0,0.0,1.0,69.66,69.6699,67.39,67.74,3091776.0
296,BBY,2018-03-26,67.9,69.95,67.76,69.51,3490592.0,0.0,1.0,67.9,69.95,67.76,69.51,3490592.0
297,BBY,2018-03-23,67.43,68.56,66.65,66.68,3308420.0,0.0,1.0,67.43,68.56,66.65,66.68,3308420.0
298,BBY,2018-03-22,67.89,68.37,66.98,67.25,3160868.0,0.0,1.0,67.89,68.37,66.98,67.25,3160868.0
299,BBY,2018-03-21,69.52,69.81,68.41,68.44,3506602.0,0.0,1.0,69.52,69.81,68.41,68.44,3506602.0
300,BBY,2018-03-20,68.31,70.225,68.3056,70.04,3819381.0,0.0,1.0,68.31,70.225,68.3056,70.04,3819381.0
301,BBY,2018-03-19,69.57,69.76,68.295,68.53,3295842.0,0.0,1.0,69.57,69.76,68.295,68.53,3295842.0
302,BBY,2018-03-16,69.01,70.13,68.64,69.73,5383685.0,0.0,1.0,69.01,70.13,68.64,69.73,5383685.0
303,BBY,2018-03-15,69.81,70.34,68.935,68.99,3777197.0,0.0,1.0,69.81,70.34,68.935,68.99,3777197.0
304,BBY,2018-03-14,71.96,71.9834,69.75,69.9,5140621.0,0.0,1.0,71.96,71.9834,69.75,69.9,5140621.0
305,BBY,2018-03-13,72.62,73.35,71.18,71.52,3605654.0,0.0,1.0,72.62,73.35,71.18,71.52,3605654.0
306,BBY,2018-03-12,73.82,74.2,70.6,72.05,3137371.0,0.0,1.0,73.82,74.2,70.6,72.05,3137371.0
307,BBY,2018-03-09,73.87,73.96,72.2,73.82,3258859.0,0.0,1.0,73.87,73.96,72.2,73.82,3258859.0
308,BBY,2018-03-08,74.08,74.26,72.65,73.25,3587582.0,0.0,1.0,74.08,74.26,72.65,73.25,3587582.0
309,BBY,2018-03-07,74.79,75.38,72.885,73.64,5496715.0,0.0,1.0,74.79,75.38,72.885,73.64,5496715.0
310,BBY,2018-03-06,75.38,77.32,75.38,76.77,4347909.0,0.0,1.0,75.38,77.32,75.38,76.77,4347909.0
311,BBY,2018-03-05,72.86,75.51,72.501,75.06,6127403.0,0.0,1.0,72.86,75.51,72.501,75.06,6127403.0
312,BBY,2018-03-02,74.85,75.18,72.27,73.04,6928953.0,0.0,1.0,74.85,75.18,72.27,73.04,6928953.0
313,BBY,2018-03-01,74.45,76.03,72.73,75.3,13379818.0,0.0,1.0,74.45,76.03,72.73,75.3,13379818.0
314,BBY,2018-02-28,72.02,73.93,71.64,72.44,4988434.0,0.0,1.0,72.02,73.93,71.64,72.44,4988434.0
315,BBY,2018-02-27,73.03,73.43,71.1149,71.49,4342498.0,0.0,1.0,73.03,73.43,71.1149,71.49,4342498.0
316,BBY,2018-02-26,73.67,74.25,72.51,72.57,3685640.0,0.0,1.0,73.67,74.25,72.51,72.57,3685640.0
317,BBY,2018-02-23,72.09,73.32,71.63,73.17,2309487.0,0.0,1.0,72.09,73.32,71.63,73.17,2309487.0
318,BBY,2018-02-22,71.4,71.935,71.12,71.29,2454611.0,0.0,1.0,71.4,71.935,71.12,71.29,2454611.0
319,BBY,2018-02-21,72.24,72.9,70.74,70.79,2838834.0,0.0,1.0,72.24,72.9,70.74,70.79,2838834.0
320,BBY,2018-02-20,72.63,73.44,71.725,71.92,2655384.0,0.0,1.0,72.63,73.44,71.725,71.92,2655384.0
321,BBY,2018-02-16,73.27,74.25,72.77,73.18,2077580.0,0.0,1.0,73.27,74.25,72.77,73.18,2077580.0
322,BBY,2018-02-15,73.06,73.32,71.84,73.32,2252633.0,0.0,1.0,73.06,73.32,71.84,73.32,2252633.0
323,BBY,2018-02-14,69.74,72.81,69.41,72.52,3586951.0,0.0,1.0,69.74,72.81,69.41,72.52,3586951.0
324,BBY,2018-02-13,70.06,70.88,69.7,70.1,2559059.0,0.0,1.0,70.06,70.88,69.7,70.1,2559059.0
325,BBY,2018-02-12,71.11,71.27,68.95,70.35,3233849.0,0.0,1.0,71.11,71.27,68.95,70.35,3233849.0
326,BBY,2018-02-09,69.51,71.41,67.58,70.76,3390148.0,0.0,1.0,69.51,71.41,67.58,70.76,3390148.0
327,BBY,2018-02-08,71.39,72.07,68.77,68.79,3510224.0,0.0,1.0,71.39,72.07,68.77,68.79,3510224.0
328,BBY,2018-02-07,70.11,72.31,69.87,71.26,3451563.0,0.0,1.0,70.11,72.31,69.87,71.26,3451563.0
329,BBY,2018-02-06,66.58,70.7,65.05,70.3,4646178.0,0.0,1.0,66.58,70.7,65.05,70.3,4646178.0
330,BBY,2018-02-05,70.54,71.95,67.99,68.02,4060850.0,0.0,1.0,70.54,71.95,67.99,68.02,4060850.0
331,BBY,2018-02-02,72.56,72.98,71.02,71.24,5011746.0,0.0,1.0,72.56,72.98,71.02,71.24,5011746.0
332,BBY,2018-02-01,72.57,74.36,72.08,73.1,3178548.0,0.0,1.0,72.57,74.36,72.08,73.1,3178548.0
333,BBY,2018-01-31,75.36,75.43,72.47,73.06,4904083.0,0.0,1.0,75.36,75.43,72.47,73.06,4904083.0
334,BBY,2018-01-30,76.2,76.51,75.18,76.29,2711805.0,0.0,1.0,76.2,76.51,75.18,76.29,2711805.0
335,BBY,2018-01-29,77.43,77.87,76.49,76.59,2513712.0,0.0,1.0,77.43,77.87,76.49,76.59,2513712.0
336,BBY,2018-01-26,76.46,77.88,76.37,77.85,2934177.0,0.0,1.0,76.46,77.88,76.37,77.85,2934177.0
337,BBY,2018-01-25,76.07,76.31,75.18,76.27,3521738.0,0.0,1.0,76.07,76.31,75.18,76.27,3521738.0
338,BBY,2018-01-24,77.52,77.78,76.13,76.79,2449656.0,0.0,1.0,77.52,77.78,76.13,76.79,2449656.0
339,BBY,2018-01-23,78.03,78.59,77.2,77.52,2433939.0,0.0,1.0,78.03,78.59,77.2,77.52,2433939.0
340,BBY,2018-01-22,76.95,78.105,76.55,78.06,2206880.0,0.0,1.0,76.95,78.105,76.55,78.06,2206880.0
341,BBY,2018-01-19,75.1,77.07,74.78,76.86,3347561.0,0.0,1.0,75.1,77.07,74.78,76.86,3347561.0
342,BBY,2018-01-18,74.27,74.75,73.9,74.69,2655667.0,0.0,1.0,74.27,74.75,73.9,74.69,2655667.0
343,BBY,2018-01-17,72.26,74.625,72.26,74.26,3199345.0,0.0,1.0,72.26,74.625,72.26,74.26,3199345.0
344,BBY,2018-01-16,73.78,74.11,71.81,72.4,3742735.0,0.0,1.0,73.78,74.11,71.81,72.4,3742735.0
345,BBY,2018-01-12,71.79,73.4499,71.735,73.25,3413785.0,0.0,1.0,71.79,73.4499,71.735,73.25,3413785.0
346,BBY,2018-01-11,70.23,72.02,69.931,71.71,2805908.0,0.0,1.0,70.23,72.02,69.931,71.71,2805908.0
347,BBY,2018-01-10,69.34,70.87,69.05,70.34,2740812.0,0.0,1.0,69.34,70.87,69.05,70.34,2740812.0
348,BBY,2018-01-09,69.93,70.22,69.15,69.78,2805536.0,0.0,1.0,69.93,70.22,69.15,69.78,2805536.0
349,BBY,2018-01-08,68.68,70.11,68.42,69.69,3212925.0,0.0,1.0,68.68,70.11,68.42,69.69,3212925.0
350,BBY,2018-01-05,67.9,68.975,67.46,68.87,3805911.0,0.0,1.0,67.9,68.975,67.46,68.87,3805911.0
351,BBY,2018-01-04,68.85,69.01,66.1133,67.28,4857151.0,0.0,1.0,68.85,69.01,66.1133,67.28,4857151.0
352,BBY,2018-01-03,69.18,69.39,68.1382,68.4,3271734.0,0.0,1.0,69.18,69.39,68.1382,68.4,3271734.0
353,BBY,2018-01-02,68.26,69.39,67.87,69.16,3304035.0,0.0,1.0,68.26,69.39,67.87,69.16,3304035.0
354,AMZN,2018-03-27,1572.4,1575.96,1482.32,1497.05,6793279.0,0.0,1.0,1572.4,1575.96,1482.32,1497.05,6793279.0
355,AMZN,2018-03-26,1530.0,1556.99,1499.25,1555.86,5547618.0,0.0,1.0,1530.0,1556.99,1499.25,1555.86,5547618.0
356,AMZN,2018-03-23,1539.01,1549.02,1495.36,1495.56,7843966.0,0.0,1.0,1539.01,1549.02,1495.36,1495.56,7843966.0
357,AMZN,2018-03-22,1565.47,1573.85,1542.4,1544.1,6177737.0,0.0,1.0,1565.47,1573.85,1542.4,1544.1,6177737.0
358,AMZN,2018-03-21,1586.45,1590.0,1563.17,1581.86,4667291.0,0.0,1.0,1586.45,1590.0,1563.17,1581.86,4667291.0
359,AMZN,2018-03-20,1550.34,1587.0,1545.41,1586.51,4507049.0,0.0,1.0,1550.34,1587.0,1545.41,1586.51,4507049.0
360,AMZN,2018-03-19,1554.53,1561.66,1525.35,1544.93,6376619.0,0.0,1.0,1554.53,1561.66,1525.35,1544.93,6376619.0
361,AMZN,2018-03-16,1583.45,1589.44,1567.5,1571.68,5145054.0,0.0,1.0,1583.45,1589.44,1567.5,1571.68,5145054.0
362,AMZN,2018-03-15,1595.0,1596.91,1578.11,1582.32,4026744.0,0.0,1.0,1595.0,1596.91,1578.11,1582.32,4026744.0
363,AMZN,2018-03-14,1597.0,1606.44,1590.89,1591.0,4164395.0,0.0,1.0,1597.0,1606.44,1590.89,1591.0,4164395.0
364,AMZN,2018-03-13,1615.96,1617.54,1578.01,1588.18,6427066.0,0.0,1.0,1615.96,1617.54,1578.01,1588.18,6427066.0
365,AMZN,2018-03-12,1592.6,1605.33,1586.7,1598.39,5115886.0,0.0,1.0,1592.6,1605.33,1586.7,1598.39,5115886.0
366,AMZN,2018-03-09,1563.5,1578.94,1559.08,1578.89,4417059.0,0.0,1.0,1563.5,1578.94,1559.08,1578.89,4417059.0
367,AMZN,2018-03-08,1550.0,1554.88,1545.25,1551.86,3512528.0,0.0,1.0,1550.0,1554.88,1545.25,1551.86,3512528.0
368,AMZN,2018-03-07,1526.52,1545.9,1522.51,1545.0,4174123.0,0.0,1.0,1526.52,1545.9,1522.51,1545.0,4174123.0
369,AMZN,2018-03-06,1533.2,1542.13,1528.0,1537.64,4561718.0,0.0,1.0,1533.2,1542.13,1528.0,1537.64,4561718.0
370,AMZN,2018-03-05,1494.24,1525.38,1481.0,1523.61,5233934.0,0.0,1.0,1494.24,1525.38,1481.0,1523.61,5233934.0
371,AMZN,2018-03-02,1469.1,1501.05,1455.01,1500.25,6587564.0,0.0,1.0,1469.1,1501.05,1455.01,1500.25,6587564.0
372,AMZN,2018-03-01,1513.6,1518.49,1465.0,1493.45,6835230.0,0.0,1.0,1513.6,1518.49,1465.0,1493.45,6835230.0
373,AMZN,2018-02-28,1519.51,1528.7,1512.0,1512.45,4426580.0,0.0,1.0,1519.51,1528.7,1512.0,1512.45,4426580.0
374,AMZN,2018-02-27,1524.5,1526.78,1507.21,1511.98,4708378.0,0.0,1.0,1524.5,1526.78,1507.21,1511.98,4708378.0
375,AMZN,2018-02-26,1509.2,1522.84,1507.0,1521.95,4909053.0,0.0,1.0,1509.2,1522.84,1507.0,1521.95,4909053.0
376,AMZN,2018-02-23,1495.34,1500.0,1486.5,1500.0,4327008.0,0.0,1.0,1495.34,1500.0,1486.5,1500.0,4327008.0
377,AMZN,2018-02-22,1495.36,1502.54,1475.76,1484.76,4732555.0,0.0,1.0,1495.36,1502.54,1475.76,1484.76,4732555.0
378,AMZN,2018-02-21,1485.0,1503.49,1478.92,1482.92,6216694.0,0.0,1.0,1485.0,1503.49,1478.92,1482.92,6216694.0
379,AMZN,2018-02-20,1446.49,1488.77,1446.49,1468.35,6388374.0,0.0,1.0,1446.49,1488.77,1446.49,1468.35,6388374.0
380,AMZN,2018-02-16,1457.37,1465.8,1446.56,1448.69,4410879.0,0.0,1.0,1457.37,1465.8,1446.56,1448.69,4410879.0
381,AMZN,2018-02-15,1466.89,1468.94,1436.84,1461.76,5598111.0,0.0,1.0,1466.89,1468.94,1436.84,1461.76,5598111.0
382,AMZN,2018-02-14,1406.25,1452.06,1403.36,1451.05,5881238.0,0.0,1.0,1406.25,1452.06,1403.36,1451.05,5881238.0
383,AMZN,2018-02-13,1385.93,1419.72,1383.53,1414.51,5858860.0,0.0,1.0,1385.93,1419.72,1383.53,1414.51,5858860.0
384,AMZN,2018-02-12,1364.67,1393.81,1344.01,1386.23,6682214.0,0.0,1.0,1364.67,1393.81,1344.01,1386.23,6682214.0
385,AMZN,2018-02-09,1373.49,1383.5,1265.93,1338.99,13787886.0,0.0,1.0,1373.49,1383.5,1265.93,1338.99,13787886.0
386,AMZN,2018-02-08,1429.67,1433.75,1349.94,1350.47,8108560.0,0.0,1.0,1429.67,1433.75,1349.94,1350.47,8108560.0
387,AMZN,2018-02-07,1449.0,1460.99,1415.15,1416.78,7066828.0,0.0,1.0,1449.0,1460.99,1415.15,1416.78,7066828.0
388,AMZN,2018-02-06,1361.46,1443.99,1351.79,1442.84,10773963.0,0.0,1.0,1361.46,1443.99,1351.79,1442.84,10773963.0
389,AMZN,2018-02-05,1402.62,1458.98,1320.72,1396.62,10756332.0,0.0,1.0,1402.62,1458.98,1320.72,1396.62,10756332.0
390,AMZN,2018-02-02,1477.39,1498.0,1414.0,1431.0,10915962.0,0.0,1.0,1477.39,1498.0,1414.0,1431.0,10915962.0
391,AMZN,2018-02-01,1445.0,1459.88,1385.14,1390.0,7812953.0,0.0,1.0,1445.0,1459.88,1385.14,1390.0,7812953.0
392,AMZN,2018-01-31,1451.3,1472.58,1450.04,1451.65,6220396.0,0.0,1.0,1451.3,1472.58,1450.04,1451.65,6220396.0
393,AMZN,2018-01-30,1403.17,1439.25,1392.0,1437.82,5736512.0,0.0,1.0,1403.17,1439.25,1392.0,1437.82,5736512.0
394,AMZN,2018-01-29,1409.18,1431.39,1400.44,1417.68,5628992.0,0.0,1.0,1409.18,1431.39,1400.44,1417.68,5628992.0
395,AMZN,2018-01-26,1392.01,1402.53,1380.91,1402.05,4584082.0,0.0,1.0,1392.01,1402.53,1380.91,1402.05,4584082.0
396,AMZN,2018-01-25,1368.0,1378.34,1357.62,1377.95,4621862.0,0.0,1.0,1368.0,1378.34,1357.62,1377.95,4621862.0
397,AMZN,2018-01-24,1374.82,1388.16,1338.0,1357.51,6730084.0,0.0,1.0,1374.82,1388.16,1338.0,1357.51,6730084.0
398,AMZN,2018-01-23,1338.09,1364.9,1337.34,1362.54,5056764.0,0.0,1.0,1338.09,1364.9,1337.34,1362.54,5056764.0
399,AMZN,2018-01-22,1297.17,1327.45,1296.66,1327.31,3970151.0,0.0,1.0,1297.17,1327.45,1296.66,1327.31,3970151.0
400,AMZN,2018-01-19,1312.0,1313.0,1292.99,1294.58,4395070.0,0.0,1.0,1312.0,1313.0,1292.99,1294.58,4395070.0
401,AMZN,2018-01-18,1293.95,1304.6,1284.02,1293.32,3941007.0,0.0,1.0,1293.95,1304.6,1284.02,1293.32,3941007.0
402,AMZN,2018-01-17,1312.24,1314.0,1280.88,1295.0,5166748.0,0.0,1.0,1312.24,1314.0,1280.88,1295.0,5166748.0
403,AMZN,2018-01-16,1323.0,1339.94,1292.3,1304.86,7111172.0,0.0,1.0,1323.0,1339.94,1292.3,1304.86,7111172.0
404,AMZN,2018-01-12,1273.39,1305.76,1273.39,1305.2,5360681.0,0.0,1.0,1273.39,1305.76,1273.39,1305.2,5360681.0
405,AMZN,2018-01-11,1259.74,1276.77,1256.46,1276.68,3075315.0,0.0,1.0,1259.74,1276.77,1256.46,1276.68,3075315.0
406,AMZN,2018-01-10,1245.15,1254.33,1237.23,1254.33,2659507.0,0.0,1.0,1245.15,1254.33,1237.23,1254.33,2659507.0
407,AMZN,2018-01-09,1256.9,1259.33,1241.76,1252.7,3646681.0,0.0,1.0,1256.9,1259.33,1241.76,1252.7,3646681.0
408,AMZN,2018-01-08,1236.0,1253.08,1232.03,1246.87,4177533.0,0.0,1.0,1236.0,1253.08,1232.03,1246.87,4177533.0
409,AMZN,2018-01-05,1217.51,1229.14,1210.0,1229.14,3430148.0,0.0,1.0,1217.51,1229.14,1210.0,1229.14,3430148.0
410,AMZN,2018-01-04,1205.0,1215.87,1204.66,1209.59,3000366.0,0.0,1.0,1205.0,1215.87,1204.66,1209.59,3000366.0
411,AMZN,2018-01-03,1188.3,1205.49,1188.3,1204.2,3044664.0,0.0,1.0,1188.3,1205.49,1188.3,1204.2,3044664.0
412,AMZN,2018-01-02,1172.0,1190.0,1170.51,1189.01,2587899.0,0.0,1.0,1172.0,1190.0,1170.51,1189.01,2587899.0
